poi_name,poi_id,source_url,official_description,extra_attrs,matched,method
Abu Dabbab Bay,Abu Dabbab Bay,https://www.padi.com/dive-site/egypt/abu-dabbab-1-dive-site/,"Abu Dabbab 1 is one of the most popular dive sites in Marsa Alam, Egypt, offering a unique mix of sandy bottom, coral reefs, and rich seagrass beds. Ideal for all experience levels, this site is famous for encounters with the rare dugong (sea cow) and large green turtles, often seen grazing in the shallow seagrass areas. The calm, clear waters make Abu Dabbab 1 perfect for underwater photography and relaxed diving. Divers can explore vibrant coral gardens teeming with clownfish, lionfish, butterflyfish, and the occasional guitar shark or blue-spotted stingray. The combination of easy shore access, abundant marine life, and excellent visibility makes it a must-visit location in Marsa Alam. Whether you&#x27;re a beginner or a seasoned diver, Abu Dabbab 1 offers unforgettable experiences beneath the surface. Join Blue Ocean Dive Centers &amp; Resorts for guided dives and discover why Abu Dabbab is one of the Red Sea’s most beloved dive sites.","{""dive_types"": ""Reef, Ocean"", ""common_sightings"": ""Angelfish, Lionfish, Trumpetfish / pipefish, Batfish, Clownfish, Butterflyfish, Parrotfish, Guitar shark, Eagle ray, Whitetip reef shark, Hawksbill turtle, Squid, Octopus, Giant cuttlefish, Stingray, Marbled electric ray, Filefish, Green Sea Turtle, sea cucumbers, Soft Coral, Seagrass, Cleaner shrimp, Various nudibranchs, Hard Corals"", ""lat"": 25.346742445695725, ""lng"": 34.772610432099505}",true,api
Sha'ab Samadai (Dolphin House),Sha'ab Samadai (Dolphin House),https://www.padi.com/dive-site/egypt/shaab-samadai-dolphin-house/,"Sha’ab Samadai, also known as Dolphin House, is a world-renowned marine park in Marsa Alam, Red Sea, Egypt, famous for its natural lagoon where wild spinner dolphins gather regularly. This protected reef offers a magical opportunity to observe and swim near dolphins in their natural habitat. Beyond dolphins, Sha’ab Samadai is home to a vibrant underwater world, including colorful reef fish, parrotfish, clownfish, barracuda, turtles, and blue-spotted stingrays. The reef’s horseshoe shape shelters lush coral gardens and dramatic swim-throughs ideal for both snorkeling and diving. With Blue Ocean Dive Centers &amp; Resorts Marsa Alam, guests enjoy guided, eco-friendly trips that prioritize safety and marine conservation. Whether you&#x27;re a diver or snorkeler, Sha’ab Samadai delivers one of the most unforgettable marine experiences in Marsa Alam. Explore the wonders of Dolphin House with Blue Ocean, your trusted gateway to the Red Sea.","{""dive_types"": ""Drift, Reef, Wall, Ocean"", ""common_sightings"": ""Barracuda, Angelfish, Butterflyfish, Clownfish, Parrotfish, Surgeonfish, Trumpetfish / pipefish, Starfish, Octopus, Squid, Cuttlefish, Stingrays, Spinner Dolphins, Nudibranchs, groupers, Sea fans, Hawksbill Turtles, Cleaner shrimp, Hard Corals, Soft Corals, Moray Eels, Sea cucumbers, snappers, Anthias, Damselfish, Green sea turtles, Bottlenose Dolphins, Trevally, Wrasses"", ""lat"": 24.98614418954001, ""lng"": 34.99913041236125}",true,api
Marsa Mubarak,Marsa Mubarak,https://www.padi.com/dive-site/egypt/marsa-mubarak/,"Marsa Mubarak is a popular diving site located in the southern part of the Red Sea, near the city of Marsa Alam in Egypt. It is known for its pristine coral reefs and abundant marine life, making it a favorite destination for scuba diving and snorkeling enthusiasts. At Marsa Mubarak, divers can explore a variety of dive sites with diverse topography and marine ecosystems. The site features coral gardens, pinnacles, and walls, providing opportunities for both shallow and deep dives. The underwater scenery includes colorful coral formations, vibrant reef fish, and larger marine species such as turtles, dolphins, and occasionally even dugongs. One of the highlights of diving in Marsa Mubarak is the chance to encounter the resident population of endangered sea cows, also known as dugongs. These gentle creatures are known for their graceful movements and can occasionally be spotted in the seagrass meadows near the dive site.","{""dive_types"": ""Beach, Drift, Pinnacle, Reef, Sandy bottom, Wall, Cavern, Ocean"", ""common_sightings"": ""Eagle ray, Manta ray, Turtle, Manatee (dugong), Shrimp"", ""lat"": 25.50880361546541, ""lng"": 34.65125188581456}",true,api
Sataya Reef (Dolphin Reef),Sataya Reef (Dolphin Reef),https://www.padi.com/dive-site/egypt/sataya-reef-dolphin-house-marsa-alam-divesite/,"Sataya Reef, also known as Dolphin Reef, is one of the most iconic dive and snorkeling destinations in Marsa Alam, Red Sea, Egypt. Famous for its resident pods of spinner dolphins, Sataya offers an extraordinary chance to swim alongside these playful marine mammals in their natural habitat. The reef is also home to a vibrant ecosystem, including clownfish, butterflyfish, parrotfish, groupers, blue-spotted stingrays, and occasionally green sea turtles. The coral formations are rich and colorful, featuring both hard and soft corals that create a spectacular underwater landscape. Whether you&#x27;re diving or snorkeling, Blue Ocean Dive Centers &amp; Resorts Marsa Alam provides expert-guided tours to Sataya, ensuring a safe, respectful, and unforgettable encounter with marine life. Discover the magic of Sataya Reef and experience the beauty of the Red Sea with Blue Ocean, your trusted dive center in Marsa Alam.","{""dive_types"": ""Drift, Reef, Wall, Ocean"", ""common_sightings"": ""Barracuda, Triggerfish, Butterflyfish, Surgeonfish, Angelfish, Clownfish, Parrotfish, Bottlenose dolphin, Octopus, Spinner Dolphins, snappers, Hard Corals, Soft Corals, Groupers, Moray Eels, Anthias, Damselfish, Green sea turtles, Trevally, Wrasses, Cuttlefish, Eagle Rays"", ""lat"": 24.16987538496957, ""lng"": 35.67197339639039}",true,api
Elphinstone Reef,Elphinstone Reef,https://www.padi.com/dive-site/egypt/elphinstone-reef-3/,"Elphinstone Reef, just off the coast of Marsa Alam, Egypt, is one of the Red Sea’s most legendary dive sites. Famous for its dramatic drop-offs, vibrant coral walls, and thrilling encounters with large pelagics, it draws divers from around the world. This iconic reef offers unforgettable dives with steep walls covered in soft corals, swarms of anthias, barracudas, and regular sightings of Oceanic Whitetip Sharks, hammerheads, and turtles. Whether you&#x27;re chasing big fish action or admiring colorful reef life, Elphinstone delivers a world-class underwater experience.","{""dive_types"": ""Drift, Reef, Wall, Ocean"", ""common_sightings"": ""Butterflyfish, Barracuda, Angelfish, Whale shark, Manta ray, Hammerhead shark, Oceanic whitetip shark, Thresher shark, Dolphins, Anthias, Giant Trevally, Napoleon Wrasse"", ""lat"": 25.324942348747847, ""lng"": 34.854168891906745}",true,api
Daedalus Reef (Abu Kizan),Daedalus Reef (Abu Kizan),https://www.padi.com/dive-site/egypt/daedalus-reef/,"Daedalus Reef (Abu Kizan) is a remote, isolated oceanic reef in the Egyptian Red Sea, ~90 km east of Marsa Alam. A liveaboard-only site, it’s famed as one of the world’s best hammerhead shark dive sites, with epic pelagic encounters and pristine walls. Depth: 5–40 m (drop-offs to 450 m) Current: Moderate to strong (1–4 knots; drift diving) Visibility: 20–40 m Water Temp: 24–30°C Best Season: Apr–May, Oct–Nov (peak hammerhead &amp; oceanic whitetip) Type: Vertical wall, drift, coral plateau, Anemone City A 450 m-long standalone reef marked by a historic 19th-century lighthouse, it rises from abyssal depths. The north tip is the star: exposed to upwellings, it’s the top spot for scalloped hammerhead sharks (often 10+ in a group) and oceanic whitetip sharks. The east/west walls plunge vertically, carpeted in giant hard corals, soft corals, and sea fans. The southern “Anemone City” is a 15 m patch of dense anemones with clownfish colonies.","{""dive_types"": ""Ocean"", ""common_sightings"": ""Sharks, Whales, Dolphins, Turtles"", ""lat"": 24.8333, ""lng"": 35.9667}",true,api
Brother Islands (Al Ikhwan),Brother Islands (Al Ikhwan),https://www.padi.com/dive-site/egypt/brother-islands/,"Brothers Islands (El Ikhwa) — two remote volcanic islets (Big Brother &amp; Little Brother) 67 km offshore El Quseir, Egypt — is a Red Sea marine park and one of the world’s top 10 dive sites. Accessible only by liveaboard, it’s legendary for pristine vertical walls, iconic wrecks, and big shark encounters. Depth: 5–70 m (walls drop to 600+ m) Current: Strong (1–4 knots; advanced drift only) Visibility: 20–35 m Water Temp: 22–30°C Best Season: Apr–May, Oct–Nov (peak shark action) Type: Wall, drift, wreck, coral garden Big Brother (north) features a historic 1883 lighthouse and two legendary wrecks: Numidia (1901, 15–75 m, cargo ship with rail artifacts) and Aida (1953, 30–65 m, supply vessel). Both are draped in soft corals and teeming with life. Little Brother (south, 1 km away) boasts stunning unspoiled coral walls and is a prime hammerhead spot.","{""dive_types"": ""Ocean"", ""common_sightings"": ""Sharks, Whales, Dolphins, Turtles"", ""lat"": 26.1667, ""lng"": 34.8333}",true,api
Marsa Assalaya,Marsa Assalaya,https://www.padi.com/dive-site/egypt/marsa-assalaia/,"Perfect dive site for beginners and expert divers with possibilities to do shallow or deep dives. Well protected bay with entry from the beach, both sides of the bay with a beautiful and colorful reef. In the middle of the bay, there is a big area with seagrass. Possibility to meet green turtles and sea cow in the middle of the bay (big area with seagrass).","{""dive_types"": ""Beach, Reef, Sandy bottom, Wall, Ocean"", ""common_sightings"": ""Manatee (dugong), Turtles, Dolphins, Eagle rays, Mobular rays"", ""lat"": 25.155656691728698, ""lng"": 34.85253810882569}",true,api
Sha'ab Marsa Alam,Sha'ab Marsa Alam,https://www.padi.com/dive-site/egypt/shaab-marsa-alam/,"Dive site is 10 minutes by boat from Marsa Alam marina. The perfect place for a drift dive (moderate current) around the reef surrounded by magnificent coral gardens! A small wreck can also be discovered on the southside. There you may encounter dolphins, stingrays, sea turtles, scorpionfish, crocodile fish, Napoleon wrasse, and parrotfish.","{""dive_types"": ""Wreck, Drift, Pinnacle, Reef, Ocean"", ""common_sightings"": ""Parrotfish, Napoleon fish, Scorpionfish, Sting ray, Sea turtle, Dolphins, Crocodile Fish"", ""lat"": 25.077203256978336, ""lng"": 34.936351776123054}",true,api
Sha'ab Abu Nuhas (Shipwreck Reef),Sha'ab Abu Nuhas (Shipwreck Reef),https://www.padi.com/dive-site/egypt/abu-nuhas-ghiannis-d/,"The Loss of the Giannis D: In April 1983, the Giannis D was loaded with sawn timber at Rijeka, Croatia destined for Saudi Arabia and Yemen. The ship made good time through the Mediterranean and down through the Suez Canal. On 19 April 1983 she was approaching the Straits of Gobal at full speed when the ship was seen to suddenly veer sharply from her course and drive hard onto the north west corner of Sha’ab Abu Nuhas Reef. The crew abandoned the vessel and were safely rescued.","{""dive_types"": ""Wreck"", ""common_sightings"": ""Sharks, Whales, Dolphins, Turtles"", ""lat"": 27.57786754342932, ""lng"": 33.92320632934571}",true,api
Panorama Reef,Panorama Reef,https://www.padi.com/dive-site/egypt/panorama-north-2/,Panorama reef is one of the biggest and well-known reefs in Safaga. The extent of this single big coral block is 400 meters. Usually you dove at the south point with it&#x27;s exceptional plateau going down to 35 meters. Down there you can see Eagle rays. Unique in this place is a wonderful anemone field sloping down from the surface to 15 meter. More than 40 Anemone fishes are usual seen there. This area is ideal for drift dives. By good weather conditions you can dive on the north side where you can find beautiful coral formations.,"{""dive_types"": ""Drift, Reef, Wall, Ocean"", ""common_sightings"": ""Sharks, Whales, Dolphins, Turtles"", ""lat"": 26.750976, ""lng"": 34.079289}",true,api
Tobia Arba (The Seven Pillars),Tobia Arba (The Seven Pillars),https://www.padi.com/dive-site/egypt/tobia-arbaa-7-pillars/,"As the name suggests 7 pillars come up from a depth of 10 to 12 meters, rising up almost to the surface. They are surrounded by small coral where you can find all kinds of fish","{""dive_types"": ""Pinnacle, Sandy bottom, Ocean"", ""common_sightings"": ""Sharks, Whales, Dolphins, Turtles"", ""lat"": 26.836641, ""lng"": 33.991324}",true,api
Ras Mohammed,Ras Mohammed,https://www.padi.com/dive-site/egypt/ras-muhammed-national-park/,"Diving in Ras Mohamed is a top attraction for divers due to its stunning coral reefs and rich marine life. Key highlights include: Home to vibrant ecosystems with diverse hard and soft corals. Popular spots include Shark Reef and Yolanda Reef, known for their beauty and marine life. Encounter species like clownfish, turtles, and even sharks. Clear waters often exceed 30 meters, ideal for underwater exploration. Suitable for all skill levels, with guided tours available. With its breath-taking underwater scenery, Ras Mohamed is a must-visit for diving enthusiasts.","{""dive_types"": ""Wreck, Cave, Drift, Reef"", ""common_sightings"": ""Great white shark, Manta ray, Sharks, Rays, Gorgonian fan, Coral"", ""lat"": 27.72566494956232, ""lng"": 34.25936222076417}",true,api
Blue Hole,Blue Hole,https://www.padi.com/dive-site/egypt/blue-hole-3/,"The Blue Hole/Bells is one of the most famous dive sites in the world, it´s also the dive site that started the hype of diving in Dahab. It&#x27;s the spot for Free divers, Tec divers and Recreational. Usually one enters this site through an open chimney called the Bells. The name comes from the sound of tanks touching the wall as it’s very narrow, only one diver can go down at a time. Divers exit this chimney at approximately 26m and swim to the right along the outer wall of the Blue Hole where majestic overhangs full of corals are waiting to be marveled. You could also spend the day at the comfort of the cafe while you enjoy multiple different profiles at the same site through the hole shore entrance.","{""dive_types"": ""Drift, Reef, Wall"", ""common_sightings"": ""Coral, Wrasse"", ""lat"": 28.572461991197848, ""lng"": 34.53732490539551}",true,api
Ras Abu Galum,Ras Abu Galum,https://www.padi.com/dive-site/egypt/ras-abu-galum-south/,"This dive site has an average depth of 20-30m which suits divers of all levels. Diving here is often started at a sandy slope that descends from the shore with the reef wall starting on both sides. Lots of pinnacles, dramatic rock formations and a great variety of marine life can be explored at this dive site. Ras Abu Galum is also the site you want to experience a camping adventure. Accessible only by boat or camel this place offers original Bedouin huts, dinner stargazing and breakfast. Adventure lovers will not be disappointed.","{""dive_types"": ""Beach, Reef"", ""common_sightings"": ""Sharks, Whales, Dolphins, Turtles"", ""lat"": 28.611773493838406, ""lng"": 34.553385972976685}",true,api
Tiran Island,Tiran Island,https://www.padi.com/dive-site/egypt/thomas-reef-straits-of-tiran/,"This is the smallest reef in the Straits, but also one of the most popular. The dive is governed by the weather conditions as the western side is often impossible to pick divers up from. The dive is done as a drift dive with potentially strong currents on the southern and northern ends of the reef. The ends are vertical walls with a large plateau at about 25m on the south eastern side. This plateau often has sleeping sharks on the sand patches and the coral has a fence of Gorgonia fans at the end. After the Gorgonia fans the reef returns to a wall before coming to the corner of the reef, watch the currents. If conditions allow it is possible to go round to the other side of the reef, which is a wall disappearing into the deep.","{""dive_types"": ""Cave, Drift, Reef, Wall"", ""common_sightings"": ""Sharks, Whales, Dolphins, Turtles"", ""lat"": 27.992279327926045, ""lng"": 34.46093559265137}",true,api
Straits of Tiran,Straits of Tiran,https://www.padi.com/dive-site/egypt/thomas-reef-straits-of-tiran/,"This is the smallest reef in the Straits, but also one of the most popular. The dive is governed by the weather conditions as the western side is often impossible to pick divers up from. The dive is done as a drift dive with potentially strong currents on the southern and northern ends of the reef. The ends are vertical walls with a large plateau at about 25m on the south eastern side. This plateau often has sleeping sharks on the sand patches and the coral has a fence of Gorgonia fans at the end. After the Gorgonia fans the reef returns to a wall before coming to the corner of the reef, watch the currents. If conditions allow it is possible to go round to the other side of the reef, which is a wall disappearing into the deep.","{""dive_types"": ""Cave, Drift, Reef, Wall"", ""common_sightings"": ""Sharks, Whales, Dolphins, Turtles"", ""lat"": 27.992279327926045, ""lng"": 34.46093559265137}",true,api
The Canyon (Dahab),The Canyon (Dahab),https://www.padi.com/dive-site/egypt/the-canyon-8/,"The Dahab Canyon is the classic canyon, an essential dive for all fanatics of caves and cavern diving. The Canyon is itself quite a phenomenon. Up to 10 meters high and virtually closed over at the top, it snakes its way up from the depths, to emerge in a large glassfish filled coral dome. The Canyon dive site offers an easy entry and exit point through a shallow, sandy lagoon. This leads out to beautiful coral gardens inhabited by Butterflyfishes, Unicornfishes, Octopus, Pufferfish and of course Red Sea Anthias, which can only be fully explored after several visits. The Canyon itself is positioned about five minutes north-east from the exit of the lagoon. The entry to the Canyon is done through it largest point at about 20 meters. The progression through the Canyon is easy and the light effect caused by the sun rays is fantastic","{""dive_types"": ""Cave, Beach, Pinnacle, Reef, Cavern"", ""common_sightings"": ""Tuna, Grouper, Rays, Moray eel, Coral"", ""lat"": 28.554859844440887, ""lng"": 34.52118873596192}",true,api
Sharm El Luli (Ras Hankorab),Sharm El Luli (Ras Hankorab),,,"{""reason"": ""no_padi_match""}",false,
Qulaan Lagoon,Qulaan Lagoon,,,"{""reason"": ""no_padi_match""}",false,
Hamata Islands,Hamata Islands,,,"{""reason"": ""no_padi_match""}",false,
Marsa Egla,Marsa Egla,,,"{""reason"": ""no_padi_match""}",false,
Marsa Shouna,Marsa Shouna,,,"{""reason"": ""no_padi_match""}",false,
Marsa Tondoba,Marsa Tondoba,,,"{""reason"": ""no_padi_match""}",false,
Zabargad Island (Peridot Hill),Zabargad Island (Peridot Hill),,,"{""reason"": ""no_padi_match""}",false,
Rocky Island,Rocky Island,,,"{""reason"": ""no_padi_match""}",false,
Rawabil Island (Red Maldives),Rawabil Island (Red Maldives),,,"{""reason"": ""no_padi_match""}",false,
Abu Ghusum (Fury Shoals),Abu Ghusum (Fury Shoals),,,"{""reason"": ""no_padi_match""}",false,
Habili Nakari,Habili Nakari,,,"{""reason"": ""no_padi_match""}",false,
Temple Lagoon Reef,Temple Lagoon Reef,,,"{""reason"": ""no_padi_match""}",false,
Jabal el Sakka Reef,Jabal el Sakka Reef,,,"{""reason"": ""no_padi_match""}",false,
Abu Minqar Island,Abu Minqar Island,,,"{""reason"": ""no_padi_match""}",false,
Magawish Island,Magawish Island,,,"{""reason"": ""no_padi_match""}",false,
Colored Canyon,Colored Canyon,,,"{""reason"": ""no_padi_match""}",false,
White Canyon,White Canyon,,,"{""reason"": ""no_padi_match""}",false,
Blue Lagoon,Blue Lagoon,,,"{""reason"": ""no_padi_match""}",false,
Ras El Shitan,Ras El Shitan,,,"{""reason"": ""no_padi_match""}",false,
Red Sea College - House Reef,padi:670,https://www.padi.com/dive-site/egypt/red-sea-college-house-reef/,Naama Bay is a huge bay in the center of the Sharm el Sheikh resort and it just happens to be our very special House Reef. The Red Sea Diving College is literally steps away from the beach entry to this site. Due to the shallow incline of the bay and the large soft sandy patches it is used as the premiere training site from PADI Bubblemakers up to PADI IDC training. However it should not be dismissed as just a place to train. Dive a little deeper into the bay and you will be greeted with vast sea grass fields with hundreds of small critters to spot and grazing rays and turtles. There are large coral pinnacles with a plethora of fish life from tiny reflective glass fish to shy sleek Moray Eels.,"{""dive_types"": ""Beach, Reef"", ""common_sightings"": ""Sharks, Whales, Dolphins, Turtles""}",false,api
SS Dunraven Wreck,padi:679,https://www.padi.com/dive-site/egypt/ss-dunraven-wreck/,"This wreck of a British Steamer is on the Southern edge of Sha’ab Mahmoud which is also known as Beacon Rock as the wreck is directly below the South Cardinal Beacon. It is about another hour boat ride past Ras Mohammed and is prone to the weather conditions. Once at the reef there is some protection from the waves but it can still be a little rough. The Dunraven was built in 1873 in Newcastle and hit the reef in 1876. It has sunk in 30m of water right next to the reef wall and is completely upside down in two sections. The length is about 80m and it’s about 10m wide. The stern section is in about 29m to the sand and is open in places for those qualified to enter. This leads to a swim through by the side of the ship’s boiler and out where the wreck has broken in half. The exit being usually filled with glass fish in their thousands. The bow section is in shallower water with loads of places to stick your head into, but nowhere to get in. After the bow section the dive is usually done by fining over the hull which is covered in coral and then moving onto the reef wall and the shallows to finish the dive.","{""dive_types"": ""Wreck, Reef, Wall"", ""common_sightings"": ""Sharks, Whales, Dolphins, Turtles""}",false,api
Near Garden,padi:682,https://www.padi.com/dive-site/egypt/near-garden/,Out of all of the Sharm el Sheikh local sites Near Garden is the closest to our jetty – making it ideal for divers to join our dive boat at midday for the afternoon dive. It is located on the southern headland of Middle Garden or the northern headland of Naama Bay. This dive can be done as a mooring dive but is more popular with divers as a semi –drift dive. Divers normally enter where there are several pinnacles making a ridge down the sharp coral slope. You can then head north along the steep reef until it starts to flatten out as you enter Middle Garden. If the dive is planned as a semi-drift you can spend the last minutes of the dive exploring the fringing reef which has lots of small inlets.,"{""dive_types"": ""Drift, Reef"", ""common_sightings"": ""Sharks, Whales, Dolphins, Turtles""}",false,api
Middle Garden,padi:683,https://www.padi.com/dive-site/egypt/middle-garden/,"Middle Garden is a large sheltered bay. The site is very protected from the weather making it an ideal site for the first holiday dive or for Discover SCUBA diving dives. The fringing reef drops down between 2-3 meters to a large sandy area. This gently sloping sand area is dotted with small coral heads and is a great space to spot bottom-dwellers like the blue spotted sting ray. The main reef runs the length of the bay and gently slopes down into the blue, it is cut by several sandy ‘roads’ which make navigation easy. Middle Garden is an ideal site to have a relaxing dive over the reef with a chance to see if anything is cruising by in the blue. Once in a while Sharm el Sheikh local sites like Middle Garden can surprise you with a sighting of huge turtles, whale sharks or mantas.","{""dive_types"": ""Drift, Reef"", ""common_sightings"": ""Sharks, Whales, Dolphins, Turtles""}",false,api
Far Garden,padi:684,https://www.padi.com/dive-site/egypt/far-garden/,"Far Garden dive site is the northern headland to the Middle Garden site. It can be dived as either a mooring, semi-drift or drift dive although the current is normally very light. The topography is mainly a sloping wall but at the beginning of the dive there are quite a few large coral pinnacles with some Gorgonian Fan corals. Don’t forget to look out into the blue on this dive, as Far Garden is one of the Sharm el Sheikh local sites which Manta Rays like to frequent.","{""dive_types"": ""Drift, Reef"", ""common_sightings"": ""Sharks, Whales, Dolphins, Turtles""}",false,api
Temple,padi:686,https://www.padi.com/dive-site/egypt/temple/,"Temple dive site is in the southern area of Sharm el Sheikh local dive sites. It is a nice easy dive with interesting topography which can keep you exploring for ages. The sight as it names suggests is made up of several massive coral blocks which rise up from the sea bed to within meters of the surface. The main block is surrounded by smaller pinnacles making it look like an ancient underwater temple. The dive is usually done as a mooring dive, so the trick is to get your navigation correct, not to miss the main attraction and return to your boat – which is easier said than done.","{""dive_types"": ""Reef"", ""common_sightings"": ""Sharks, Whales, Dolphins, Turtles""}",false,api
Ras Katy,padi:687,https://www.padi.com/dive-site/egypt/ras-katy/,"Ras Katy is the first dive site from the main marina in Sharm el Mina. The boats normally moor between the fringing reef and the top of the main pinnacle, which reaches up to the surface; making it a popular spot for snorkelers as well as divers. There is a nice sheltered sandy area between the fringing reef and pinnacles which has many pairs of Goby and Shrimp. The pinnacles form a line parallel to the reef plate, which are covered in pretty soft and hard corals. Occasionally currents can pick up especially towards the corner in the direction of Temple.","{""dive_types"": ""Reef"", ""common_sightings"": ""Sharks, Whales, Dolphins, Turtles""}",false,api
Tower,padi:688,https://www.padi.com/dive-site/egypt/tower/,"Tower is one of the Sharm el Sheikh local dive sites which offers stunning topography with a dramatic U-Shaped vertical wall formation. This site is normally dived as a drift dive in a southerly direction towards Naama Bay, but can also be dived as a shore dive. Drop in on the wall and swim towards the U-shaped cutting. Just before the entry to this open cutting , there is a pinnacle rising up like a ‘tower’ hence the dive sites name. After exploring the vertical canyon and admiring the amazing light the dive continues along the gently reef slope and can finish on the plateau of the site named Sodfa which has a collection of delicate fan corals","{""dive_types"": ""Cave, Drift, Reef, Wall"", ""common_sightings"": ""Sharks, Whales, Dolphins, Turtles""}",false,api
Ras Nasrani,padi:689,https://www.padi.com/dive-site/egypt/ras-nasrani/,"One of the most northern Sharm el Sheikh local sites is Ras Nasrani. It is a popular site as it has a varied topography and can be dived as a drift, semi-drift or mooring dive. Just around the headland is the most northern site of Ras Gamila, but this exposed site can only be dived in very calm conditions. Generally the site is dived in a northerly direction but this is subject to currents. The fringing reef plate is peppered with large sandy bays and then the reef forms into an extended plateau with a dense coral covering. The plateau is a good place to see passing pelagic fish and the large Gorgonian fan corals which grow perpendicular to the current.","{""dive_types"": ""Cave, Drift, Reef, Wall"", ""common_sightings"": ""Sharks, Whales, Dolphins, Turtles""}",false,api
Anthias Divers House Reef,padi:696,https://www.padi.com/dive-site/egypt/anthias-divers-house-reef/,"Fancy a lazy day or perhaps it has been a little while since your last dive? Our gorgeous house reef offers something for every diver from beginner to pro. The gentle shore dive allows you to walk in to the water and prepare your self at your own speed, then when you are ready to sink beneath the sparkling turquoise water, you will be able to explore many coral pinnacles at a very leisurely pace with little to no current. We have regular sightings of green turtles and eagle rays in this beautiful spot, along with the usual Red Sea suspects including crocodile fish, lion fish, blue spotted stingray and octopus to name a few.","{""dive_types"": ""Wreck, Beach, Reef"", ""common_sightings"": ""Sharks, Whales, Dolphins, Turtles""}",false,api
Canyon,padi:1025,https://www.padi.com/dive-site/egypt/canyon-2/,"The Canyon dive site is on the way to the Blue Hole. Most likely you’re going to dive here as well when you go to the Blue Hole. You will have a short swim through a shallow sandy lagoon. The exit of this lagoon and the following pinnacles are just breathtaking and will blow your mind. From 5-20m you’ll find a beautiful garden of corals and then discover the canyon itself – a split between the reef going down to 54m. Beautiful soft and hard corals as well as the chance to see Octopus en masse, making this dive truly amazing.","{""dive_types"": ""Cave, Wall, Channel"", ""common_sightings"": ""Sharks, Whales, Dolphins, Turtles""}",false,api
Abu Helal,padi:1026,https://www.padi.com/dive-site/egypt/abu-helal/,"Ras Abu Helal, also known as &#x27;Little Canyon&#x27; translates as, &#x27;Headland of the Crescent Moon&#x27;, referring to a crescent-shaped reef south of Abu Talha. Abu Helal and Abu Talha can only be dived at high tide in perfect conditions which leads to them being dived much less than other sites making the corals in pristine condition. This site has everything for both technical and recreational diving. The reef encircles a shallow lagoon at about 12m. Outside is a gently sloping bay and on its northern side a broad ridge. The start of this ridge features one of the finest coral garden in the Dahab area and this is the main focus of the dive site. Alternatively there is a deeper canyon dive in 30 - 40m at the end of this ridge.","{""dive_types"": ""Reef"", ""common_sightings"": ""Sharks, Whales, Dolphins, Turtles""}",false,api
Eel Garden,padi:1027,https://www.padi.com/dive-site/egypt/eel-garden-3/,"Eel Gardens takes its name from the countless garden eels that carpet the sea floor not far from the entry point of the dive. After walking over the reef plate to the entry spot which is a nine meter canyon, it then broadens into a large sandy area that slopes down gradually. After diving along a jutting reef that lies perpendicular to the main reef the eels slowly come into view, waving to and fro in the current like synchronized swimmers who vanish back into the sand as you approach. Descend to about 20m where you will find a nearly flat section of reef with coral boulders and several table corals. It is quite common to find a thick congregation of barracudas regularly patrolling the area. On your way back at around 5 and 10m you will see healthy, wide range variety of both soft and hard corals and look out here for the rare sea grass ghost pipe-fish.","{""dive_types"": ""Beach, Reef"", ""common_sightings"": ""Sharks, Whales, Dolphins, Turtles""}",false,api
Red Tooth Trigger Bay,padi:1051,https://www.padi.com/dive-site/egypt/red-tooth-trigger-bay/,"Entrance from the shore is easy in most weather, it starts off as stone and after a short distance moves onto a sandy slope. Descend and you will instantly find The Garden, as the local Bedouin call this site. Although it is only over a small area this dive is perfect as corals spread from as deep as 50 m right up to 3 m. Descend over the gradual sandy slope and divers will find that they are surrounded instantaneously by huge schools of banner fish and red tooth triggers which is where the dive site got its name. Corals are found in small pinnacles with both soft and hard corals in pristine conditions. Swim over the table corals which are home to scorpion fish, anemone fish, anthias, puffers and many more. For the micro divers in us nudibranches are often seen here including the spanish dancer, while turtles and eagle rays have also been spotted.","{""dive_types"": ""Beach, Drift, Reef"", ""common_sightings"": ""Sharks, Whales, Dolphins, Turtles""}",false,api
Tiger Reef,padi:1052,https://www.padi.com/dive-site/egypt/tiger-reef/,,"{""dive_types"": ""Cave, Beach, Reef"", ""common_sightings"": ""Sharks, Whales, Dolphins, Turtles""}",false,api
Rick´s Reef,padi:1053,https://www.padi.com/dive-site/egypt/rick-s-reef/,"Rick’s Reef is located just 300 m north of the Canyon. This shallow drift dive follows the shore south to the canyon with some beautiful coral gardens and reefs. Enter into a small opening in the reef table and descend along a beautiful slope filled with salad corals. At 18 metres swim over numerous table corals. Along the wall you will find a number of pinnacles that populate the area filled with Anthias, coral Groupers, Pufferfish and Parrotfish. After approximately 35 minutes the ‘Fish Bowl’ of the Canyon will come into view. The dive ends with a short swim through the coral garden and a sandy lagoon, which is marked by a couple of coral pinnacles.","{""dive_types"": ""Beach, Drift, Reef"", ""common_sightings"": ""Sharks, Whales, Dolphins, Turtles""}",false,api
Lighthouse,padi:1054,https://www.padi.com/dive-site/egypt/lighthouse-3/,"Located almost exactly in the center of the town, it offers a huge variety of marine life. Starting with schools of Barracudas, it&#x27;s not rare to meet Napoleon Brasses, Octopus, Scorpion and Crocodile fish between giant pinnacles full with soft and hard corals. So many different options to dive this dive site. One of our favourite approaches is coming behind those giant pinnacles, swim over the saddle into an amazing coral garden with huge table corals and gorgonians. The way back leads again over the saddle and with an awesome coloured reef to your right, you will have more than plenty opportunities to feed your camera.","{""dive_types"": ""Beach, Reef, Wall"", ""common_sightings"": ""Sharks, Whales, Dolphins, Turtles""}",false,api
Bannerfish Bay,padi:1055,https://www.padi.com/dive-site/egypt/bannerfish-bay/,"Named after the Bannerfish cruising the bay by day and by night, and a site rich in different habitats and sea life. From seagrass hosting Seahorses and Turtles, sandy slopes full of Flounders, ghost Pipefish, Seamoths and Frogfishes to mini reefs rich in biodiversity (Octopus, Morays and a large variety of Shrimps and Scorpionfish). A must for beginners as well as experienced divers, marine biologist fanatics and photographers. The bay also offers great training sites with sand patches and a buoyancy park for advanced training.","{""dive_types"": ""Beach, Drift, Reef"", ""common_sightings"": ""Sharks, Whales, Dolphins, Turtles""}",false,api
Mashraba,padi:1056,https://www.padi.com/dive-site/egypt/mashraba/,"At the southern end of Dahab bay is “Mashraba” reef. Often overlooked as a dive site, it seems to throw up more surprises than other dive sites. The sandy slope leads to a magnificent “bommie” called Roman’s rock, heading south we pass over some impressive formations before coming to a “family” of beautiful table corals at around 20 meters. Air permitting, you can continue on to an impressive gorgonian fan, before turning at a pinnacle swarming with glass fish and antheas, and then returning along the shallow reef.","{""dive_types"": ""Beach, Reef, Wall"", ""common_sightings"": ""Sharks, Whales, Dolphins, Turtles""}",false,api
Napoleon Reef,padi:1057,https://www.padi.com/dive-site/egypt/napoleon-reef/,"This site is situated in the Laguna, in the area known as the ‘Spit’. This site best reached by boat or zodiac as it lies approximately 450 metres away from the beach. The huge Madrepore tower is separated by a channel from the half submerged reef. It comes up from a sandy sea bed at around 20 metres and is frequented by plentiful fauna and Napoleonfish to whom the site owes its’ name.","{""dive_types"": ""Drift, Reef"", ""common_sightings"": ""Sharks, Whales, Dolphins, Turtles""}",false,api
Caves,padi:1126,https://www.padi.com/dive-site/egypt/caves-2/,"The entry to the Caves is a giant stride off the ledge and into the deep blue. The Caves can only be dived in calm conditions as jumping off the ledge can be quite tricky when there are waves crashing on the shore. Once in the water the cave is directly below you and on both the left and right side you will find a shallow reef. The reef that circles the cave is just as attractive as the cave itself with both soft and hard corals being abundant. Here you will often spot large groupers, scorpionfish and morays and a tiger shark has been spotted on a number of occasions. Enter the cave and swim to the back then turn and watch the light shine through the swarms of anthias and bannerfish swimming upside down on the ceiling of the cave, a perfect spot for your safety stop!","{""dive_types"": ""Cave, Reef"", ""common_sightings"": ""Sharks, Whales, Dolphins, Turtles""}",false,api
El Shugarat,padi:1127,https://www.padi.com/dive-site/egypt/el-shugarat/,"El Shugarat is also known as little trees in Arabic, and you will see why. This dive is one you can only made by boat. The captain will drop you off right next to the reef. Descend down and swim along a beautiful reef wall until you come to a sandy bottom. On the deep side of the sandy bottom at around 16 m you will find an impressive open canyon. When you descend between the walls off the canyon, at around 30 m two big black corals will come into view on each side, take time to look for the long nose hawkfish. Exit the canyon to the left and you will swim in to a virtual forest of gorgonian fan corals. As you are flying over this amazing site you will see them scattered down the reef wall out of sight and into the deep. Unbelievable. As you slowly ascend while still soaring over this forest you will return back to the reef table then enter one of the most beautiful lagoons in Dahab. You can see giant table corals and all kinds of life in and around this lagoon. Once returned to the reef wall you see the last set of gorgonians and turning back into the lagoon in search for nudibranches, blue-spotted rays, crocodile fish and many other species. On the end of the lagoon you reach the canyon so take time to throw a last look inside and to get ready for the safety stop.","{""dive_types"": ""Drift, Reef"", ""common_sightings"": ""Sharks, Whales, Dolphins, Turtles""}",false,api
Gubal Island,padi:1868,https://www.padi.com/dive-site/egypt/gubal-island/,"Bluff point is a steep wall dive that follows the coastline. There are plenty of small passages and inlets in the rock that hides away a lot of marine life. The reef is full of glassfish, butterflyfish, crocodilefish and a flat-headed scorpionfish. The wreck itself isn&#x27;t much to look at, but it serves as an attraction for marine life.","{""dive_types"": ""Wreck, Drift, Reef, Wall"", ""common_sightings"": ""Sharks, Whales, Dolphins, Turtles""}",false,api
Umm Usk,padi:1872,https://www.padi.com/dive-site/egypt/umm-usk/,"Umm Usk or Onghosh as the Red Sea Locals name it. This reef is a horseshoe shaped reef with the open ends of the horseshoe pointing south. It is an ideal site for night dives, confined water training for beginner diver and Dolphin watch. This site is recommended for all levels","{""dive_types"": ""Drift, Reef"", ""common_sightings"": ""Sharks, Whales, Dolphins, Turtles""}",false,api
Marsa Shagra House Reef,padi:2130,https://www.padi.com/dive-site/egypt/marsa-shagra-house-reef/,"Marsa Shagra is one of the richest and most pristine house reefs in the south and has been declared a protected area for the last 20 years. Many pictures of species in Red Sea reef guides like Debelius and Collins where taken here. According to Robert Meyer’s author of Collins claims that there are at least 5 species of endemic species living in this protected bay. The bay is occasionally frequented by pelagic species such as dolphins and manta rays. The house reef is approximately 2km from the north to the south, meeting at a natural protected bay in the middle. Dives are available on both the north and south reef by zodiac and directly from the shore. Zodiac pickup is also available.","{""dive_types"": ""Beach"", ""common_sightings"": ""Sharks, Whales, Dolphins, Turtles""}",false,api
Islands,padi:3904,https://www.padi.com/dive-site/egypt/islands/,"This amazing dive site is located south of Mashraba, about 10 minutes drive from Deep Blue Divers, and is made up of beautiful underwater islands connected by coral mazes. Entry to this dive site is made by walking across the reef top lagoon and then either dropping in over the top of the reef, or entering through one of the holes in the reef and swimming through. There are some lovely coral formations in and amongst the pinnacles. Look for blue spotted rays hiding under the coral whilst you are weaving through the pinnacles. It is also common to see shoals of blackfin barracuda and even the odd lone great barracuda. This is a very scenic site and ideal for a long second or third dive of the day - perfect for photographs. Diving this site can be confusing as there are so many different routes to take.","{""dive_types"": ""Beach, Pinnacle, Sandy bottom"", ""common_sightings"": ""Barracuda, Sea turtle, Coral""}",false,api
Um Sid,padi:3905,https://www.padi.com/dive-site/egypt/um-sid/,"Umm Sid features abundant fish life and a variety of reef structures which are all in exceptional condition as the site was not dived as frequently in the past as others in Dahab. Entry is through a wide corridor carved into a steeply sloping reef. Dive around and beneath a massive coral tongue until you reach a sandy slope inhabited by garden eels. Follow the slope down into a beautiful coral garden, for advanced divers descend down to 30 meters and view the spectacular giant gorgonians. Here you can spot small longnose hawk fish. Ascend up to 18 meters and end the dive by a slow excursion over the table corals and along a reef wall which is covered in soft corals and anthias, look closely and spot the number of nudibranchs of all varieties.","{""dive_types"": ""Beach, Reef, Sandy bottom"", ""common_sightings"": ""Scorpionfish, Garden eels, Eels, Moray eel, Gorgonian fan, Coral""}",false,api
Moray Garden,padi:4211,https://www.padi.com/dive-site/egypt/moray-garden/,"This site is accessible by car from Dahab in about ten minutes. Getting into the water is fairly easy and is done from the beach. After crossing an area of sand then a seagrass, we arrive at a succession of line of corals starting from the beach and sinking towards the sea. the abundance of corals makes it a very colorful site full of marine life. The return to the exit is through a shallow coral garden in which we regularly encounter geometric moray eels.","{""dive_types"": ""Beach, Reef, Wall"", ""common_sightings"": ""Sharks, Whales, Dolphins, Turtles""}",false,api
shoab sharm,padi:4383,https://www.padi.com/dive-site/egypt/shoab-sharm/,"Shaab Sharm is undoubtedly one of the highlights of the coastal reefs of Marsa Alam. The exposed reef lies 12 km off the Egyptian coast and measures 700 m at its longest. Its steep walls descend in steps to a depth of over 200 m letting the currents flow freely around the reef, which leads to rich coral growth and occasionally even attracts big fish. However, night dives are not possible here because of these conditions, and the dive site is unsuitable for beginners-at least some diving experience is required. Shaab Sharm is a popular site for diving safaris to the south, and several groups of divers are often found here at the same time.","{""dive_types"": ""Drift, Pinnacle, Reef, Wall, Ocean"", ""common_sightings"": ""Sharks, Whales, Dolphins, Turtles""}",false,api
Siyul Kebira,padi:5046,https://www.padi.com/dive-site/egypt/siyul-kebira/,"Siyul Kebira or Big Siyul is one of the Northern Red Sea Islands where you can dive 4 or 5 different spots around the island. This dive site is for all divers levels while it has walls, coral garden, lots of shallow lagoons.","{""dive_types"": ""Drift, Reef, Wall"", ""common_sightings"": ""Stonefish, Frogfish, Dolphins""}",false,api
El Mina wreck,padi:5135,https://www.padi.com/dive-site/egypt/el-mina-wreck/,"Rests on a rocky seabed sloping from 25 meters under the bow to 32 meters at the stern. The wreck lies on a northwest-southeast axis on her portside. Before you dive it is recommended to read up on the dramatic history of the wreck. It is usually calm here; in fact the wreck is a very good bad weather alternative for those turning back from a blown out trip to the wrecks at Abu Nuhas. Current can scream through here though from the north, but there is always shelter behind the decks of the ship. Should the current be ripping, please remember to monitor your air frequently. The wreck is only 60 meters to 70 meters long, so no need to rush. The aft section is bristling with winches and anti-aircraft guns whilst the fore-deck guns have been sheared off. The blast-hole area is suitable for penetration, though elsewhere it is inadvisable. All around, on the seabed are live shells – look but don’t touch.","{""dive_types"": ""Wreck"", ""common_sightings"": ""Sharks, Whales, Dolphins, Turtles""}",false,api
Anar Dive Center house reef,padi:7376,https://www.padi.com/dive-site/egypt/anar-dive-center-house-reef/,"Nice dive for beginner and experience divers. The marine landscape of the reef is a beautiful wall dropping to a depth of more than 180 meters. Extraordinarily rich in multicoloured corals: one of the most concentrated growths on this part of the coast. In particular - the pink soft corals for which the site is named. Dive at an average depth of about 15 m, this is where you will see the largest concentration of soft corals","{""dive_types"": ""Cave, Beach, Pinnacle, Reef, Sandy bottom, Wall"", ""common_sightings"": ""Tuna, Jackfish, Leopard shark, Blacktip reef shark, Turtle, Dolphins, Lobster, Octopus, Nudibranch, Muray""}",false,api
Shaab El Erg,padi:8386,https://www.padi.com/dive-site/egypt/shaab-el-erg/,Shaab El Erg ( Dolphin House ) is a huge horseshoe shaped reef with plenty of different spots to dive and plenty of marine life to see. One of the famous marine mammals to encounter is Indo-Pacific Bottlenose Dolphins. Shaab El Erg is one of the dive sites which is suitable for all diver levels and non-divers.,"{""dive_types"": ""Reef, Sandy bottom"", ""common_sightings"": ""Dolphins""}",false,api
Tobia Hamra,padi:8656,https://www.padi.com/dive-site/egypt/tobia-hamra/,Beautiful corasl fields gave to this place the name Coral Garden. It really is a paradise for making pictures and videos.,"{""dive_types"": ""Reef, Sandy bottom, Wall, Ocean"", ""common_sightings"": ""Sharks, Whales, Dolphins, Turtles""}",false,api
Shaab Sheer Soraya,padi:8659,https://www.padi.com/dive-site/egypt/shaab-sheer-soraya-2/,Shaab Sheer Soraya is one of the southern reefs of Safaga. It&#x27;s a smaller reef with maximum depths round about 17 meters. The fish specialty for this site is a huge amount of Red Sea Banner fishes in the north-east of the reef,"{""dive_types"": ""Drift, Reef, Ocean"", ""common_sightings"": ""Sharks, Whales, Dolphins, Turtles""}",false,api
Shaab Sheer East and West,padi:8660,https://www.padi.com/dive-site/egypt/shaab-sheer-east-and-west/,The dive sites lie at the east and west side of this 2 km long reef where wonderful coral gardens and caves can be admired. The northern part is ideal for drift dives. The outside of the reef slopes down to 40 meters,"{""dive_types"": ""Wreck, Drift, Reef, Ocean"", ""common_sightings"": ""Sharks, Whales, Dolphins, Turtles""}",false,api
Shaab Quais,padi:8661,https://www.padi.com/dive-site/egypt/shaab-quais/,Two small coral blocks with many soft corals. The is a big chance of current in the morning and drop off until 40 meters this splendid reef is offering. Only a matter for experienced divers!!,"{""dive_types"": ""Drift, Reef, Ocean"", ""common_sightings"": ""Sharks, Whales, Dolphins, Turtles""}",false,api
Shaab Claude,padi:8662,https://www.padi.com/dive-site/egypt/shaab-claude/,"This small reef close to Shaab Sheer with a maximum depth of 20 meter has it&#x27;s main reef and also a small, long reef with a big gorgonian that starts at 2 meters en goes to 8 meters","{""dive_types"": ""Drift, Pinnacle, Reef, Sandy bottom, Wall, Ocean"", ""common_sightings"": ""Sharks, Whales, Dolphins, Turtles""}",false,api
Shaab Bagul (North and Southward),padi:8663,https://www.padi.com/dive-site/egypt/shaab-bagul-north-and-southward/,"At Shaab Bagul you will anchor inside a half opened lagoon, from where you can dive either south- or northward. To the north you follow the main reef block in a depth of 10 up to 15 meters. The southern part offers you different reef blocks and experienced divers can even reach drop off in approximately 30 meter. Inside the lagoon, sometimes big stingrays can be found","{""dive_types"": ""Reef, Ocean"", ""common_sightings"": ""Sharks, Whales, Dolphins, Turtles""}",false,api
Salem Express,padi:8664,https://www.padi.com/dive-site/egypt/salem-express/,"The 100 meter sized ferry Salem Express, sunk in December 1991. It is settled on the bottom of the sea on his portside. The bow lies in a depth of 32 meter whereas the propeller lies at only 14 meters below the surface. Till today there are a lot of objects and debris around the ship. The inner ship, which is declared as a funeral site, is prohibited for divers","{""dive_types"": ""Wreck, Drift, Ocean"", ""common_sightings"": ""Sharks, Whales, Dolphins, Turtles""}",false,api
Ras Abu Soma,padi:8665,https://www.padi.com/dive-site/egypt/ras-abu-soma-4/,This reef is 2 km long and gently slopes down directly from the coast. More than 5 spots invite to pleasant dives. Sometimes a slight current makes drift diving possible. A drop off can be found between 25 to 30 meters. In its southern part the reef opens into the wonderful coral garden of Abu Soma,"{""dive_types"": ""Drift, Reef, Sandy bottom, Wall, Ocean"", ""common_sightings"": ""Sharks, Whales, Dolphins, Turtles""}",false,api
Middle Reef,padi:8669,https://www.padi.com/dive-site/egypt/middle-reef/,"Middle Reef, as it&#x27;s name already indicates, is placed in between Panorama Reef and Abu Kafan. On it&#x27;s north side a drop off with nice coral formations can be found. The south side lowers slowly to the southern dropp off till a dept of 30 meter. Current dives are possible at the west- and east side","{""dive_types"": ""Drift, Reef, Sandy bottom, Wall, Ocean"", ""common_sightings"": ""Sharks, Whales, Dolphins, Turtles""}",false,api
Emperor Divers House Reef,padi:9951,https://www.padi.com/dive-site/egypt/emperor-divers-house-reef-2/,"An awesome dive site that fits all levels, from beginner course to technical diving","{""dive_types"": ""Beach"", ""common_sightings"": ""Green sea turtles""}",false,api
Abu Soma Garden,padi:10089,https://www.padi.com/dive-site/egypt/abu-soma-garden/,This is a beautiful long reef what goes from 1 meter slowly till 30 meters dept and is on the south side of the diving reef Ras Abu Soma. A lot of different corals you will see and sometimes you see a eagly ray or barracudas passing by. Swimming murene and many small fish you will see during your diving. At dept you will have some more sand where you can find crocodile fish,"{""dive_types"": ""Reef, Ocean"", ""common_sightings"": ""Sharks, Whales, Dolphins, Turtles""}",false,api
Shaab Hamdallah,padi:10090,https://www.padi.com/dive-site/egypt/shaab-hamdallah/,"Shaab Hamdhallah, the most southern reef of Safaga is even one of the most beautiful. The main cone shaped reef block and a smaller block next to it reach the surface. They are added by several other reef blocks which begin in a depth of 16 - 17 meters. So if you have currant, it is spot for preferable experienced divers.","{""dive_types"": ""Drift, Pinnacle, Reef, Wall, Ocean"", ""common_sightings"": ""Sharks, Whales, Dolphins, Turtles""}",false,api
Abu Kafan North,padi:10127,https://www.padi.com/dive-site/egypt/abu-kafan-north/,Abu Kafan is one of the most beautiful places here in Safaga. The north place has a great plateau that offers a drop off with beautiful black corals.,"{""dive_types"": ""Drift, Reef, Wall, Ocean"", ""common_sightings"": ""Sharks, Whales, Dolphins, Turtles""}",false,api
Tobia Soraya,padi:10128,https://www.padi.com/dive-site/egypt/tobia-soraya/,A colorful reef with blocks of different sizes. To discover there is a small cave at 7 meters full of Glass fishes.,"{""dive_types"": ""Pinnacle, Ocean"", ""common_sightings"": ""Sharks, Whales, Dolphins, Turtles""}",false,api
Tobia Kebir,padi:10131,https://www.padi.com/dive-site/egypt/tobia-kebir/,This is a ideal dive site for all level divers. The inner reef offers many sandy spots for beginner exercise. On the outside of this reef small cave hides lots of Glass fish.,"{""dive_types"": ""Reef, Sandy bottom, Ocean"", ""common_sightings"": ""Sharks, Whales, Dolphins, Turtles""}",false,api
Gamul Kebir,padi:10134,https://www.padi.com/dive-site/egypt/gamul-kebir-2/,"In the north of Gamul Kebir there are different blocks with beautiful soft corals. As you often can see a group of Barracudas, that&#x27;s why it&#x27;s also called Barracuda House. Nice sea grass is in between the blocks. In winter time the strong wind mostly makes diving impossible but at the southern reef it is normally easy to dive","{""dive_types"": ""Reef, Sandy bottom, Ocean"", ""common_sightings"": ""Sharks, Whales, Dolphins, Turtles""}",false,api
Gamul Soraya,padi:10135,https://www.padi.com/dive-site/egypt/gamul-soraya/,"Gamul Soraya is a small coral block. The outer side is great to dive. This dive site has different blocks that goes south side. Those blocks are looking stunning and during the dive, when looking in the blue water there you have sometimes an eagle ray","{""dive_types"": ""Drift, Pinnacle, Reef, Sandy bottom, Ocean"", ""common_sightings"": ""Sharks, Whales, Dolphins, Turtles""}",false,api
Amphoras Dive Site,padi:10624,https://www.padi.com/dive-site/egypt/amphoras-dive-site/,"Great place for diving beginners and professionals. A variety of corals and fish will make underwater time interesting and unforgettable. You can meet turtle, stingray, lionfish and many other fish. The maximum depth is 170 meters. There are shallow caves.","{""dive_types"": ""Cave, Beach, Reef, Wall, Archaeological, Cavern"", ""common_sightings"": ""Tuna, Jackfish, Turtle, Dolphins, Muray""}",false,api
El Fanadir North,padi:11454,https://www.padi.com/dive-site/egypt/el-fanadir-north/,"El Fanadir is a reef stretching for 3 kilometers and is around 4 kilometers away from shore and has to be done by boat. The reef has a wall on the north East sides, full of corals and fish. There is a sand bottom between the wall and the drop off where you will find patches of corals. The drop off is paralel to the wall and starts at 18 meters going to 30+. Also there is a shallow sandy lagoon on the south east side of the reef, perfect for beginners.","{""dive_types"": ""Drift, Reef, Sandy bottom, Wall, Ocean"", ""common_sightings"": ""Boxfish / pufferfish, Scorpionfish, Lionfish, Trumpetfish / pipefish, Anthias, Unicornfish, Anemones, Bluespotted Stingray""}",false,api
Ras EL Torfa - Abu Siyal,padi:12663,https://www.padi.com/dive-site/egypt/ras-el-torfa-abu-siyal/,"A few dives can be down in the area The boat moors in a natural lagoon that forms the most northern part of a sprawling bay. Here a sand strip that starts at 5mt separates the main reef from a series of beds that form a drop-off. Pufferfish and goatfish can be found on the sand patch and the drop off is covered in anthias and other small fish life. Exploring further south you could spot a turtle or two, but on the way back watch out at 9mt for one of the most picturesque pinnacles in this area, complete with a totally undamaged table coral that plays host to the secretive lemon coral goby","{""dive_types"": ""Pinnacle, Reef, Wall"", ""common_sightings"": ""Sharks, Whales, Dolphins, Turtles""}",false,api
Paradise,padi:15272,https://www.padi.com/dive-site/egypt/paradise-8/,• Easy dive that does not present any kind of problem. • Varied and colorful landscape. • Great development of soft corals. • Richness of reef fauna. • Site suitable for night diving.,"{""dive_types"": ""Beach, Sandy bottom, Cavern"", ""common_sightings"": ""Sharks, Whales, Dolphins, Turtles""}",false,api
Sharks Bay - House Reef,padi:15677,https://www.padi.com/dive-site/egypt/sharks-bay-house-reef/,"Our house reef gently slopes down in a series of ledges that makes it an that site for training dives. It is also a great site for photographers wanting to see the abundant marine life. Whale sharks and mantas visit this bay in the springtime; hence, where the name came from. Eagle rays, giant moray and Napoleon are very common here.","{""dive_types"": ""Beach, Reef"", ""common_sightings"": ""Sharks, Whales, Dolphins, Turtles""}",false,api
Gasous Sogher,padi:16205,https://www.padi.com/dive-site/egypt/gasous-sogher/,"An easy entry and exit site, shore dive with a collection of soft and hard corals where you can meet a lot of marine life, clear water and quite dive site","{""dive_types"": ""Beach, Reef, Sandy bottom, Ocean"", ""common_sightings"": ""Stonefish, Sea turtle""}",false,api
Green Hole,padi:16206,https://www.padi.com/dive-site/egypt/green-hole/,"An easy entry and exit site, shore dive with a collection of soft and hard corals where you can meet a lot of marine life, clear water and quite dive site , remote location so you will not find a lot of diver most of the time it is our group only.","{""dive_types"": ""Beach, Ocean"", ""common_sightings"": ""Sea turtle, Squid, eagle rays, Dolphines""}",false,api
Saleem,padi:16215,https://www.padi.com/dive-site/egypt/saleem/,"An easy entry and exit site, shore dive with a collection of soft and hard corals where you can meet a lot of marine life, clear water and quite dive site , remote location so you will not find a lot of diver most of the time it is our group only.","{""dive_types"": ""Beach, Pinnacle, Reef, Channel"", ""common_sightings"": ""Stonefish, Lionfish, Dolphins, Sea turtle""}",false,api
Ras Um Sid,padi:17511,https://www.padi.com/dive-site/egypt/ras-um-sid/,"Ras Um Sid is possibly one of the most exciting Sharm el Sheikh local dive sites. It’s a site which has a bit of everything including mixed topography, the potential of pelagic sightings and fast currents. If there is very little current it can be dived as a mooring dive, but be careful that the current doesn’t pick up on the corner making it difficult to return to the exit point whether that is the boat or shore. Preferably it is dived as a semi-drift or drift dive. The dive starts with a steep wall which has a beautiful set of Gorgonian fan corals, it then transforms into a huge plateau. The current tends to whip divers around the corner and occasionally can push them out over the plateau. It is on the plateau that divers can often spot large pelagic species cruising by.","{""dive_types"": ""Beach, Drift, Reef, Wall"", ""common_sightings"": ""Napoleon fish, Eagle ray""}",false,api
Eel Garden Dive Urge,padi:17853,https://www.padi.com/dive-site/egypt/eel-garden-dive-urge/,"A beautiful sunlit sandy bottom covered in a field of Garden Eels. The reef hugging this slope is called Disneyworld locally as the colours and vibrance of the corals and Scholls of fish here. Sightings of Turtles, Eagle Rays as well as large schools of butterfly fish. A photographers paradise...just don&#x27;t kick up the sand!","{""dive_types"": ""Reef, Sandy bottom, Wall"", ""common_sightings"": ""Eagle ray, Hawksbill turtle, Garden eels, Octopus, Anemone fish, Trunk fish, Trevally""}",false,api
Makadi house reef,padi:18502,https://www.padi.com/dive-site/egypt/makadi-house-reef/,"The house reef at IDive Makadi Bay in front of Fort Arabesque Resort is one of the best dive site in this area and at the same time it&#x27;s a great place to learn to dive or to do some easy dives if you are already certified. IDive Makadi Bay house reef: The house reef is home to a large variety of marine life, including colorful fish, lion fish, pesci pagliaccio, maccarelli, pesci napoleoni, octopus, leopard ray, stone fish, eagle rays and more and more and very often even turtles. hard and soft corals. Perfect place for underwater photographers. The house reef is also a great place to learn about marine conservation. IDive Makadi Bay is very sensitive to the issue of the environment, becoming an active member of Greenfins for the protection of corals through sustainable tourism. It organizes house reef cleanups and offers a variety of educational programs that teach divers the importance of protecting the reef in Bay.","{""dive_types"": ""Beach, Reef"", ""common_sightings"": ""Sharks, Whales, Dolphins, Turtles""}",false,api
Grand Makadi house reef,padi:20163,https://www.padi.com/dive-site/egypt/grand-makadi-house-reef/,"The house reef is home to a large variety of marine life, including colorful fish, lion fish, pesci pagliaccio, maccarelli, pesci napoleoni, octopus, leopard ray, stone fish, eagle rays and more and more and very often even turtles. hard and soft corals.","{""dive_types"": ""Beach, Drift, Reef"", ""common_sightings"": ""Sharks, Whales, Dolphins, Turtles""}",false,api
yolanda house reef,padi:20191,https://www.padi.com/dive-site/egypt/yolanda-house-reef/,"Yolanda Reef is the richest coral garden in Ras Mohammed and one of the world&#x27;s best dive sites. Shark and Yolanda reef has a small wall coming from the surface that forms a plateau from 12 to 20m. Many small pinnacles with colorful soft corals and abundant marine life can be found on the plateau. The ship Yolanda crashed on the reef in the 1980s and lay on its side until a storm pushed it over the edge and down to 180m. Some remains of the ship and its cargo still lie in shallow water. Yolanda carried toilets, bathtubs, and sinks, all now encrusted with corals and home to Blue Spotted Stingrays, Scorpion and Stone Fish, Giant Morays, and the resident Napoleon Wrasse.","{""dive_types"": ""Wreck, Drift, Pinnacle, Reef, Archaeological"", ""common_sightings"": ""Sharks, Whales, Dolphins, Turtles""}",false,api
Ras Ghamila,padi:20808,https://www.padi.com/dive-site/egypt/ras-ghamila/,"Ras Ghamila is an interesting place for a fine semi drift or drift dive that is not too difficult. The dives here are usually easy and pleasant and allow you to observe many coral colonies and mixed fauna, both reef and pelagic","{""dive_types"": ""Drift, Reef"", ""common_sightings"": ""Sharks, Whales, Dolphins, Turtles""}",false,api
Oberoi House Reed,padi:20851,https://www.padi.com/dive-site/egypt/oberoi-house-reed/,"The only and exclusive dive site in Hurghda Sahl Hasheesh. Oberoi House Reef is a beautiful dive site, as we have more than 5 dives around in wall over 1km. Multiple and varied dives up to a depth of 30 meters. The site consists of dives with the current, dives in the far south and far north, and coral garden dives in the middle of the site.","{""dive_types"": ""Beach, Drift, Reef, Sandy bottom, Wall, Channel"", ""common_sightings"": ""Triggerfish, Lionfish, Stonefish, Grouper, Seahorse, Butterflyfish, Manta ray, Electric ray, Turtle, Dolphins, Moray eel, Garden eels, Brain coral, green sea turtle, Walleye, Coral Reef""}",false,api
SS Thistlegorm,padi:21045,https://www.padi.com/dive-site/egypt/ss-thistlegorm/,"The SS Thistlegorm is one of the most famous wrecks in the world. Built in 1940, the SS Thistlegorm was a 126 meter long freighter, carrying military equipment during the World War II. The wreck attracts many divers for the amount of the cargo that can be seen and explored. Boots and motorcycles are visible in Hold No. 1. Trucks, armoured vehicles, motorcycles, Wellington boots, rifles, wings, engine exhaust rings and cylinders are visible in Hold No. 2. Off to the port side of the wreck level with the blast area can be found one of the steam locomotives which had been stored as deck cargo and the other locomotive is off the starboard side level with Hold No. 2.","{""dive_types"": ""Wreck"", ""common_sightings"": ""Sharks, Whales, Dolphins, Turtles""}",false,api
Gabr el Bint,padi:21376,https://www.padi.com/dive-site/egypt/gabr-el-bint/,"Gabr el Bint ranks among one of the most attractive sites of North Sinai. With the access by boat, 4x4 or by camel, it is less frequently dived than the other dive sites in Dahab which has left this site in pristine condition. Gabr el Bint means &#x27;The Grave of the Girl&#x27; in Arabic. There are two dives possible here. The ledge is riddled with exquisite coral heads that attract numerous reef species, including swarms of anthias, scorpionfish, parrotfish, crocodilefish, surgeonfish, triggerfish, trumpetfish, stingrays and very often a turtle. At the end of the ledge usually is home to a shoal of black and white snappers and twinspot snappers hang here between 5m and 10m. One of the truly breathtaking dives in Dahab.","{""dive_types"": ""Drift, Reef, Wall"", ""common_sightings"": ""Parrotfish, Tuna, Stonefish, Grouper, Parrot fish, Trumpetfish / pipefish, Lionfish, Eagle ray, Rays, Sea turtle, Dolphins, Giant moray, Moray eel, Octopus, Nudibranch, Sea anemone, Coral, Reef Fish, Jellyfish, Frogfish, Bluespotted Stingray""}",false,api
Ras Ghamila,padi:22093,https://www.padi.com/dive-site/egypt/ras-ghamila-2/,"Situated near the southern tip of the Sinai Peninsula, Ras Ghamila is easily accessible from Sharm El-Sheikh, making it a popular destination for divers. The site is known for its diverse marine ecosystem, including vibrant coral reefs, a variety of fish species, and occasionally sightings of larger marine animals like turtles and dolphins. Visibility is generally good, often exceeding 20 meters, which allows for excellent underwater photography. The reefs at Ras Ghamila are rich in hard and soft corals, providing a stunning backdrop for divers and snorkelers alike. The best diving conditions are usually found between April and November when the water temperatures are warmer and marine life is more active.","{""dive_types"": ""Cave, Beach, Drift, Reef, Sea Loch"", ""common_sightings"": ""Scorpionfish, Jackfish, Napoleon fish, Sharks, Turtle, Moray eel, Reef Fish""}",false,api
Thistlegorm Wreck,padi:22103,https://www.padi.com/dive-site/egypt/thistlegorm-wreck/,"The SS Thistlegorm is one of the most famous wrecks in the world. Built in 1940, the SS Thistlegorm was a 126 meter long freighter, carrying military equipment during the World War II. The wreck attracts many divers for the amount of the cargo that can be seen and explored. Boots and motorcycles are visible in Hold No. 1. Trucks, armoured vehicles, motorcycles, Wellington boots, rifles, wings, engine exhaust rings and cylinders are visible in Hold No. 2. Off to the port side of the wreck level with the blast area can be found one of the steam locomotives which had been stored as deck cargo and the other locomotive is off the starboard side level with Hold No. 2.","{""dive_types"": ""Wreck"", ""common_sightings"": ""Sharks, Whales, Dolphins, Turtles""}",false,api
Careless Reef,padi:22599,https://www.padi.com/dive-site/egypt/careless-reef/,"Careless Reef is a renowned dive site located near Ras Mohammed, offering an exciting mix of dramatic walls, vibrant coral gardens, and abundant marine life. The site is named for its steep drop-offs and occasionally tricky currents, making it best suited for intermediate to advanced divers. The reef itself is rich in biodiversity, with thriving hard and soft corals, schools of parrotfish, snappers, and large pelagic species like barracudas and jacks often spotted around the reef&#x27;s edges. Divers can explore the vertical walls and deep crevices, where eagle rays, moray eels, and occasionally reef sharks can be seen. With its impressive visibility and variety of marine life, Careless Reef offers an exhilarating dive for those seeking an underwater adventure in the Red Sea’s vibrant marine ecosystem.","{""dive_types"": ""Pinnacle, Reef, Wall, Ocean"", ""common_sightings"": ""Batfish, Butterflyfish, Pipefish, Tuna, Barracuda, Snapper, Napoleon fish, Clownfish, Grouper, Parrotfish, Goatfish, Whitetip reef shark, Blacktip reef shark, Nurse sharks, Tiger shark, Grey Sharks, Rays, Reef fish ( Scorpionfish, boxfish,puffer fish, surgeonfish, angelfish, bannerfish, triggerfish, parrotfish, trumpetfish, pipefish, clown fish, sweetlips, snaper, grouper, lionfish etc)""}",false,api
El Gilwa,padi:22600,https://www.padi.com/dive-site/egypt/el-gilwa/,"Dive into a captivating underwater realm where the gentle to moderate current flows in from the east, creating the perfect conditions for exhilarating drift dives. Nestled within this beautiful lagoon, you’ll find a sheltered haven, ideal for Open Water courses, where novices can safely explore the wonders of the ocean. Surrounding the lagoon, a collection of stunning coral blocks and pinnacles rise gracefully from the seabed, inviting you to discover their vibrant ecosystems at shallow depths. Here, smaller coral formations are interspersed with sandy patches, providing a picturesque backdrop for your underwater adventures. As you glide through this enchanting setting, keep your eyes peeled for the diverse marine life that calls this place home. Each dive promises a unique experience in this serene, beautiful environment.","{""dive_types"": ""Drift, Pinnacle, Reef, Wall, Ocean"", ""common_sightings"": ""Boxfish / pufferfish, Parrot fish, Surgeonfish, Triggerfish, Bannerfish, Batfish, Angelfish, Goatfish, Scorpionfish, Snapper, Sweetlips, Trumpetfish / pipefish, Parrotfish, Tuna, Pipefish, Butterflyfish, Grouper, Jackfish, Pelagic Fish, Fish, Barracuda, Napoleon fish, Clownfish, Lionfish, Stonefish, Eagle ray, Rays, Sting ray, Dolphins, Hawksbill turtle, Sea cucumber, Whitemouth moray, Honeycomb moray, Giant moray, Moray eel, Sea urchin, Starfish, Shrimp, Crab, Squid, Octopus, Clam, Nudibranch, Brain coral, Coral, Gorgonian fan, Sea anemone""}",false,api
Pro Master - House Reef,padi:22601,https://www.padi.com/dive-site/egypt/pro-master-house-reef/,"The dive site features a sandy beach entrance that provides easy access to the water, making it ideal for divers of all experience levels. As you enter, you’ll notice an abundance of baby corals spread out on both sides, creating a lively underwater scene that’s perfect for observing marine life up close. At a depth of 19 meters, an old wooden boat wreck rests prominently on the seabed, positioned conveniently in front of the dive center. This wreck serves as a key feature for training and exploration, offering a structured environment for practicing skills during check dives or courses. Its location makes it a convenient and reliable option for instructors and students alike, whether you&#x27;re completing a beginner certification or advancing to more specialized training. The combination of the shallow coral area and the wreck creates a versatile setting that caters to different types of dives while maintaining accessibility and simplicity for all divers. see you soon :)","{""dive_types"": ""Wreck, Beach, Reef, Sandy bottom"", ""common_sightings"": ""Parrotfish""}",false,api
House Reef - Gorgonia,padi:22639,https://www.padi.com/dive-site/egypt/house-reef-gorgonia/,"It is possible to dive into the site via the jetty, by taking the giant&#x27;s step or via ladders. Depending on the current, it is possible to dive north or south, keeping close to the wall to admire the beauty this site has to offer. A maximum depth of 30 meters is recommended and plan carefully for greater depths. An excellent dive site for those who have recently started diving and want to practice on themselves. According to local regulations, a surface marker buoy and a dive computer are mandatory. At 18:00 in the evening it is forbidden to dive as it is closed; it is advisable to schedule dives with the local PADI Diving Center for night dives.","{""dive_types"": ""Drift, Reef, Sandy bottom, Wall"", ""common_sightings"": ""Clownfish, Scorpionfish, Lionfish, Barracuda, Parrotfish, Whitetip reef shark, Moray eel, Octopus, Coral, Gorgonian fan, Brain coral, Reef Fish, Sea anemone, Jellyfish, Stinger Ray, , Spanish dancer, Crocodile Fish, Dugong""}",false,api
Umm Gamar,padi:22671,https://www.padi.com/dive-site/egypt/umm-gamar/,"Umm Gamar is also referred to as Umm Gamaar. It means ‘ Mother of the Moon’, allegedly alluding to the crescent shaped wedge of the island. Umm Gamar, surrounded by coral, is approximately 80 minutes sailing from El Gouna to the east and located in open sea. Therefore experience is required for the dramatic deep wall, vertically plungung into deep blue. Descending here is sheer delightful. The moorings are situated over the south plateau. The east side comprosis a stunningly deep wall. It is accentuated by formations of coral of the soft kind. They reach out towards the blue. Photographers won’t be able to ignore the first two formations, perforated with cracks, attracting busy fish life. The next formation features a cavern with a sandy ledgeat its base at around 27 meters.","{""dive_types"": ""Cave, Drift, Reef"", ""common_sightings"": ""Barracuda, Stonefish, Napoleon fish, Clownfish, Grouper, Boxfish / pufferfish, Scorpionfish, Lionfish, Triggerfish, Butterflyfish, Parrot fish""}",false,api
Malahi Dive Site,padi:22765,https://www.padi.com/dive-site/egypt/malahi-dive-site/,"Malahi is one of the most exciting dive sites in Marsa Alam, located within the Sataya Reef system in the Red Sea, Egypt. Known for its maze-like coral canyons and towering reef pinnacles, Malahi offers an unforgettable underwater playground for divers of all levels. The site is rich in marine biodiversity, featuring colorful reef fish such as butterflyfish, angelfish, and parrotfish, as well as larger species like barracuda, trevally, and giant groupers. Swim-throughs filled with light and shadow create perfect conditions for underwater photography. Diving at Malahi with Blue Ocean Dive Centers &amp; Resorts Marsa Alam ensures a safe and professionally guided experience, led by multilingual instructors who know the site inside out. Whether you&#x27;re an adventurous beginner or a seasoned diver, Malahi delivers a truly magical Red Sea dive. Explore it with Blue Ocean Dive Centers &amp; Resorts Marsa Alam, your trusted gateway to Egypt’s best dive sites.","{""dive_types"": ""Drift, Reef, Wall, Cavern, Ocean"", ""common_sightings"": ""Angelfish, Parrotfish, Trumpetfish / pipefish, Barracuda, Octopus, Squid, Brain coral, Gorgonian, Soft Corals, Anthias, Green sea turtles, Trevally, Cuttlefish, Stingrays, Table Coral""}",false,api
Um Halhala Divesite,padi:22766,https://www.padi.com/dive-site/egypt/um-halhala-divesite/,"Um Halhala is a hidden gem among the dive sites of Marsa Alam, located in the pristine waters of the Red Sea, Egypt. Known for its peaceful ambiance and untouched coral formations, Um Halhala offers an ideal dive for those seeking calm conditions and rich biodiversity. Divers can explore vibrant reefs teeming with butterflyfish, angelfish, parrotfish, and anthias, while encounters with groupers, trevally, and barracuda add excitement to the dive. Blue-spotted stingrays, moray eels, and octopus are commonly found hiding among the coral structures. The site’s colorful hard and soft corals create a breathtaking underwater landscape, perfect for underwater photography. With Blue Ocean Dive Centers &amp; Resorts Marsa Alam, divers enjoy safe and expertly guided tours led by experienced instructors. Discover the untouched beauty of Um Halhala with Blue Ocean, your trusted partner for unforgettable diving adventures in Marsa Alam, Red Sea, Egypt.","{""dive_types"": ""Drift, Reef, Ocean"", ""common_sightings"": ""Barracuda, Parrotfish, Trumpetfish / pipefish, Angelfish, Triggerfish, Butterflyfish, Clownfish, Octopus, Wrasses, Cuttlefish, Stingrays, Nudibranchs, Sea fans, Cleaner shrimp, Hard Corals, Soft Corals, Groupers, Feather Star, Crinoids, Moray Eels, Turtles, snappers, Anthias, Trevally""}",false,api
Gamul Kebir,padi:22900,https://www.padi.com/dive-site/egypt/gamul-kebir/,"Gamul Kebir, also known as Gamul Kabir or Gamul Al Kabeir, is a renowned dive site situated approximately 30 minutes by boat from Safaga, Egypt, in the Red Sea. This site is celebrated for its vibrant marine biodiversity and crystal-clear waters, offering exceptional visibility that makes it a paradise for divers of all levels . Dive Site Overview Depth: The reef rises from a depth of about 15 meters (approximately 50 feet), encircling a lagoon that opens to the west . Structure: The main reef forms a circular formation, with three pinnacles extending to the north. These structures are adorned with soft corals and seagrass beds, providing habitats for a diverse range of marine life . Marine Life: Divers can expect to encounter large schools of barracuda, big-eyed emperor fish, snappers, eagle rays, white-tip reef sharks, and occasionally dugongs. The seagrass areas are home to unique species like sea moths and bluespotted stingrays .","{""dive_types"": ""Drift, Reef, Sandy bottom"", ""common_sightings"": ""Sharks, Whales, Dolphins, Turtles""}",false,api
Shaab Sheer Soraya,padi:22901,https://www.padi.com/dive-site/egypt/shaab-sheer-soraya/,"Shaab Sheer Soraya is a captivating dive site situated approximately 800 meters south of the main Shaab Sheer reef in the Safaga region of Egypt&#x27;s Red Sea. This compact, round-shaped reef reaches a maximum depth of about 18 meters, making it an excellent choice for beginner to intermediate divers seeking a relaxed and visually engaging experience . Dive Site Features Topography: The reef is predominantly composed of hard corals, interspersed with numerous small caves and grottos. These structures create enchanting light effects and provide shelter for various marine species Marine Life: Divers can expect to encounter a diverse array of marine life, including scorpionfish, moray eels, nudibranchs, pufferfish, porcupinefish, and blue-spotted stingrays. Schools of fusiliers and bannerfish are also commonly observed in the area .","{""dive_types"": ""Reef, Ocean"", ""common_sightings"": ""Sharks, Whales, Dolphins, Turtles""}",false,api
Marsa Umm Gerifat,padi:24156,https://www.padi.com/dive-site/egypt/marsa-umm-gerifat/,"Marsa Umm Gerifat serves as the northern house reef for Coraya Divers and is easily accessible via a short, scenic zodiac trip. This sheltered location remains well-protected from the strong currents and high waves of the open sea, ensuring excellent diving conditions all year round. Early risers may be lucky enough to encounter dolphins, and lucky visitors might even spot manta rays or a dugong entering the bay. The reef is home to beautiful hard and soft corals, numerous turtles, colorful reef fish, and a fascinating variety of macro life.","{""dive_types"": ""Reef, Ocean"", ""common_sightings"": ""Scorpionfish, Pipefish, Sea turtle, Dolphins, Moray eel, Nudibranch, Reef fish ( Scorpionfish, boxfish,puffer fish, surgeonfish, angelfish, bannerfish, triggerfish, parrotfish, trumpetfish, pipefish, clown fish, sweetlips, snaper, grouper, lionfish etc), Stingray, Soft Coral, Cleaner shrimp, Hard coral""}",false,api
Marsa Umm Gerifat South,padi:24157,https://www.padi.com/dive-site/egypt/marsa-umm-gerifat-south/,"Marsa Umm Gerifat South, the renowned house reef for Coraya Divers, offers a world-class shore diving experience in Marsa Alam. This sheltered bay features a stunning sloping reef wall that drops into the vibrant blue. Divers and snorkelers will encounter pristine hard and soft coral gardens teeming with life, including clownfish, blue-spotted rays, and hawksbill turtles. The site is famous for frequent sightings of eagle rays and the occasional dugong. With easy entry points and exceptional visibility, it’s a tranquil paradise perfect for both beginner courses and relaxed dives.","{""dive_types"": ""Reef, Ocean"", ""common_sightings"": ""Parrotfish, Barracuda, Clownfish, Butterflyfish, Triggerfish, Boxfish / pufferfish, Sting ray, Hawksbill turtle, Dolphins, Moray eel, Squid, Octopus, Shrimp, Green Turtle, Nudibranchs!, Wrasse, Squirrelfish""}",false,api
Palace House Reef,padi:24182,https://www.padi.com/dive-site/egypt/palace-house-riff/,"Our beautiful house reef is teeming with diverse fish life at various depths. You have six different diving options at our house reef. There&#x27;s a gentle current and two jetties. Our team will bring your diving equipment to the jetty, and you can start diving right away.","{""dive_types"": ""Beach, Drift, Pinnacle, Reef, Sandy bottom, Wall, Ocean"", ""common_sightings"": ""Rays, Dolphins, Wide range of reef fish, crocodile fish""}",false,api
Shaab El Erg,padi:24336,https://www.padi.com/dive-site/egypt/shaab-el-erg-2/,"Shaab El Erg is one of the most beloved dive sites in the Northern Red Sea, famous worldwide as the &quot;Dolphin House.&quot; This massive, horseshoe-shaped reef stretches over several kilometers, creating a calm, turquoise lagoon that serves as a natural sanctuary for a resident pod of wild Indo-Pacific bottlenose dolphins. With its shallow depths and crystal-clear visibility, Shaab El Erg is a paradise for underwater photographers and divers of all levels. It provides the perfect balance of easy, relaxing conditions and the heart-pounding excitement of meeting the ocean’s most charismatic residents in the wild.","{""dive_types"": ""Pinnacle, Pool, Reef, Sandy bottom"", ""common_sightings"": ""Grouper, Sea turtle, Eagle rays, Indo pacific bottlenose dolphin, blue spotted Stingray""}",false,api
Jackson Reef,padi:24899,https://www.padi.com/dive-site/saudi-arabia/jackson-reef/,"Jackson Reef, the northernmost of the four main reefs in the Straits of Tiran (10 km northeast of Sharm El Sheikh, Egypt), is a world-renowned dive site famous for fast drift dives, vibrant coral walls, and big pelagic encounters. Depth: 5–40 m (walls drop to 100+ m) Current: Moderate–strong (1–4 knots; drift only) Visibility: 25–35 m Water Temp: 22–28°C Best Season: Aug–Oct (hammerheads); year-round for coral &amp; reef life Type: Vertical wall, drift, coral garden, wreck (Lara) An oval-shaped reef ~1 km from Tiran Island, it features two iconic dives. The southwest “Aquarium” is a sheltered slope with dense soft corals, sea fans, and anthias—perfect for macro and safety stops. The east “Jackson Drift” is a high-speed wall dive along sheer cliffs covered in hard/soft corals, with strong currents attracting pelagics. The Lara Wreck (1985, 20–30 m) lies on the north side, encrusted with corals and home to reef fish.","{""dive_types"": ""Ocean"", ""common_sightings"": ""Sharks, Whales, Dolphins, Turtles""}",false,api
Try Dive,padi:25041,https://www.padi.com/dive-site/egypt/try-dive/,"The Try Dive Hurghada experience with Red Sea Life is the fastest and easiest way to discover scuba diving for the first time in Hurghada, Egypt. This beginner friendly activity allows you to breathe underwater in a safe swimming pool environment, making it the perfect introduction to the world of diving. It is also a great choice for anyone searching for scuba diving hurghada, hurghada diving, diving hurghada, scuba diving Egypt, snorkeling hurghada, and red sea diving. With Red Sea Life, your first underwater experience starts with a professional diving center, trusted diving club, and PADI guidance in Hurghada. If you are looking for a reliable hurghada diving center, scuba store hurghada, or diving center to try scuba diving for the first time, Try Dive Hurghada is the perfect start.","{""dive_types"": ""Pool"", ""common_sightings"": ""Sharks, Whales, Dolphins, Turtles""}",false,api
Desert Rose Resort House Reef,padi:25042,https://www.padi.com/dive-site/egypt/desert-rose-resort-house-reef/,"The Beach Dive Hurghada experience with Red Sea Life offers a fast, convenient, and professionally guided way to explore the Red Sea in Hurghada, Egypt directly from the shore. Located at Desert Rose Resort, this shore dive allows you to access vibrant coral reefs and marine life without the need for a boat. This experience is perfect for certified divers searching for scuba diving hurghada, hurghada diving, diving hurghada, red sea diving, scuba diving egypt, and a professional diving center in Hurghada. Designed for certified divers, this experience delivers a 60 minute underwater adventure filled with colorful reefs, tropical fish, and excellent visibility. With Red Sea Life, you enjoy a trusted diving center, professional diving club, experienced hurghada diving center, reliable scuba store hurghada support, and PADI guided service for safe and enjoyable shore diving in Hurghada.","{""dive_types"": ""Beach, Reef"", ""common_sightings"": ""Clownfish, Turtle, Octopus, Reef fish ( Scorpionfish, boxfish,puffer fish, surgeonfish, angelfish, bannerfish, triggerfish, parrotfish, trumpetfish, pipefish, clown fish, sweetlips, snaper, grouper, lionfish etc), Gitarshark, BLUESPOTTED RAY""}",false,api
