poi_name,poi_id,region,source_url,official_description,matched,method
,,Cairo & Giza,https://www.experienceegypt.eg/en/city/1/cairo-giza,"Cairo is the capital of Egypt and one of the world’s largest megacities, with a vast metropolitan area stretching out as Greater Cairo to include Giza and the outer suburbs that have developed to the east and west of the city center. The beating heart of the city is nestled and centered around the banks of Egypt’s majestic River Nile and its glistening waters that have served as a lifeline for Egyptians since the dawn of human civilization.

Present-day visitors will still find a flurry of activity on the banks of the river, from lively cafes and strolling couples to gently bobbing felucca s (traditional sailboats) gliding their way across the water. Cairo’s position as a major cultural, economic, and political hub for Africa and the Middle East makes this vibrant, cosmopolitan city a magnet for movers and shakers from all over the region and globe.

From the moment you set foot in Cairo, no matter the time of day or night, all your senses will be awakened. Sorry New York, Cairo is the city that truly never sleeps! Founded in 969, its Arabic name “ Al-Qahira ” translates as “The Victorious.”

Cairenes are always ready to get to know visitors from around the world, and friendly banter runs in their blood. You won’t be leaving Cairo without a new friend or two. If you want to put your finger on the pulse of the social and cultural life of the Middle East, there is nothing that compares to spending time exploring Cairo. Whether your curiosity takes you to the picturesque alleyways of medieval Cairo, the 19 th century French-inspired modern streets and facades of Downtown, or toward a relaxing brunch and massage in one of contemporary Cairo’s upscale neighborhoods, you will surely have an unforgettable experience.

No visit to Egypt is complete without a trip to the famous Giza Pyramids. Venture west across the Nile and head to where the lush green countryside meets the desert in Giza, home to the UNESCO World Heritage Site of Memphis and its Necropolis. Explore a land saturated in ritual, mystery, and cult ceremony. In the shadows of the Giza pyramids, you can begin your journey with a trek from north to south, exploring all the monuments that led to the construction of the most famous structures in the world.

Witness the richness of the city’s Islamic and Coptic historical sites, marveling at the “City of a Thousand Minarets.”

Grab a bite to eat in one of Cairo’s rooftop restaurants and cafes for some panoramic views of the bustling city.

Take a walk in Al-Khayyamiyya (the Tentmakers’ Market) in Old Cairo where you will find an abundance of colorful traditional textiles.

Check out the only remaining part of a palace from the Mamluk Period, the Maqad of al-Amir Mamay al-Sayfi in the Al-Muizz area.

The Sound and Light Show, narrated by The Sphinx himself, retells the secrets and mysterious histories of Khufu, Khafre, and Menkaure.

Bayt al-Suhaymi, a well-preserved example of a home from the Ottoman Period located in Al-Darb al-Asfar.

Khan al-Khalili, Cairo’s iconic medieval bazaar, where you can spend hours or days browsing through a labyrinth of shops and alleyways.",false,bs4
Khan el-Khalili,,Cairo,https://www.experienceegypt.eg/en/city/1/cairo-giza,"Khan al-Khalili, Cairo’s iconic medieval bazaar, where you can spend hours or days browsing through a labyrinth of shops and alleyways.",true,bs4
,,Luxor,https://www.experienceegypt.eg/en/city/22/luxor,"Soak in the sunshine, sink into glorious sunsets, and sail back in time. Luxor, Egypt’s open-air museum, holds the memories and chronicles of ancient Egyptian gods and royalty. Split into two halves, the East Bank and West Bank, by the River Nile, Luxor never fails to mesmerize its visitors. Be prepared to wander through the hallowed halls of time and feel very small standing in the shadows of this city’s massive painted columns, statues, and walls decorated with beautiful reliefs.

Stroll through the halls and courtyards of Luxor and Karnak Temples, the most revered sites in Luxor.

Gaze at the stunning ceiling inside the tomb of Rameses VI with its depiction of the sky goddess Nut.

Don’t miss the Tomb of Queen Nefertari in the Valley of the Queens with its well-preserved colorful reliefs.",false,bs4
Valley of the Queens,,Luxor,https://www.experienceegypt.eg/en/city/22/luxor,Don’t miss the Tomb of Queen Nefertari in the Valley of the Queens with its well-preserved colorful reliefs.,true,bs4
,,Aswan,https://www.experienceegypt.eg/en/city/9/aswan-abu-simbel,"Move further south down the Nile from Luxor and embrace the tranquility of Aswan, a city nestled in lush greenery with friendly and welcoming Aswani locals. The beauty of this city is tied up in exquisite landscapes, with deep blue Nile waters contrasting against vibrant green riverbanks and warm deserts beyond.

This timeless city has fascinated travelers for centuries, and there is much to experience. Here, you’ll find quiet islands housing historic temples, a rich Nubian culture to explore with all its warm hospitality, and many more hidden treasures. Take a break from sightseeing and walk through a heavenly botanical garden to enjoy the birdsongs and the scents wafting through the air.

Take a day trip even further south to discover the romantic beauty of Philae Island, the serenity of Lake Nasser, and the fascinating history of the monuments along its banks and on its islands, culminating in the magnificence of the temples of Abu Simbel . Because of their priceless historical significance, all of these sites are registered together as a UNESCO World Heritage Site .

Stand in awe of the sheer might and power of Rameses II’s bid for immortality, gazing at the four colossal statues carved from solid rock. Explore important Nubian temples north of Abu Simbel on the shores of Lake Nasser.

Explore the beauty of Aswan’s indigenous people, the Nubians. Walk through their villages and enjoy their colorful architecture, rich traditions, unique food, shopping, and more.

Sail to Elephantine Island, and then ferry across the Nile to Philae Temple to find some of ancient Egypt’s most precious treasures.

Explore Aswan’s traditional markets, enjoy a peaceful afternoon in the botanical garden, then treat yourself to afternoon tea and sunset gazing on the terrace of the Old Cataract Hotel for unforgettable views of the Nile and Elephantine Island.

When visiting Philae, hop across to the neighboring island by boat for a view of its temples from a different vantage point! Great for photographs when the sunflowers are in bloom.

Ask a fuluka/boat captain to take you to a beach for a cool and safe dip in the Nile near the Nubian village of Gharb Soheil or on a small island near Philae.

Since the time of the ancient Egyptians, hibiscus tea has been served in Nubia. Make sure to try this beverage, served hot or cold, in its place of origin!

Take an early morning bird-watching trip around Elephantine Island to see some magnificent birds and enjoy the peaceful quiet of Aswan.",false,bs4
Nubian Village,,Aswan,https://www.experienceegypt.eg/en/city/9/aswan-abu-simbel,Ask a fuluka/boat captain to take you to a beach for a cool and safe dip in the Nile near the Nubian village of Gharb Soheil or on a small island near Philae.,true,bs4
,,Sharm El Sheikh,https://www.experienceegypt.eg/en/city/16/sharm-al-sheikh,"World-renowned for the picturesque marine life that thrives under its turquoise blue waters, Sharm al-Sheikh is a captivating Egyptian Red Sea resort city nestled between Ras Muhammad National Park and the Nabq Protectorate. “Sharm”, as it’s referred to by Egyptians, first appeared on the tourist map in the 1980’s, but back then, it was mostly visited by dive enthusiasts who were captivated by its magnificent coral reefs and virgin beaches.

Fast forward four decades and Sharm al-Sheikh has grown into a full-fledged city with five-star hotels and resorts, restaurants, golf courses, shopping malls, and movie theaters. Its world-class conference facilities have hosted major global conferences and international peace summits, which is why Sharm al-Sheikh is also known as “The City of Peace.""

With an international airport that receives flights from most European countries, Sharm al-Sheikh is an easily accessible beach holiday destination, perfect for both solo adventures and iconic family vacations.

Hike in the mountains and immerse yourself in the peace and serenity of Sinai or go camping in its unique mangrove ecosystem.

Sunbathe under clear blue skies or dive into the sea and marvel at the kaleidoscope of marine life underneath the water.

Play a leisurely game of golf, go soaring across sand dunes, or get a birds-eye view of the bays from a parachute.

Go on a spiritual journey with a sunrise trek up to the top of Mount St Catherineit’s only two and a half hours away by car or bus.

Visit the Sharm al-Sheikh Museum where you can browse through collections depicting human civilization and culture with a focus on ancient Egypt.",false,bs4
,,Hurghada,https://www.experienceegypt.eg/en/city/23/hurghada,"What started as a fishing village on the Red Sea is now one of the top tourist destinations in Egypt. Luxury beach resorts, year-long sunshine, stunning coral reefs, and pristine coastline make Hurghada a popular spot for beach lovers from around the world. Grab your swimsuit and head south to plunge into the blue waters and sunbathe on sandy beaches. After a day of water sports, relax with a nice meal of delicious seafood while you watch the sun sink below the horizon.

Hurghada’s traditional markets, marina, cultural spots, and sand dunes are ideal for those seeking adventure on land.

The crystal blue waters and white sandy beaches of Giftun Islands will leave you relaxed and never wanting to leave.

Dive below the sea and explore an abundance of colorful marine or take part in water sports for a fun-filled family vacation.

Ride in the only submarine operating in the Red Sea for an unbeatable panoramic tour under the water.

Hop on a camel for a beach ride led by a Bedouin guide along the shore or take a longer trip to a nearby Bedouin village to see a different side of Hurghada.

Go dolphin watching off the coastline while enjoying a boat ride around Giftun Islands. They’re known to hang out here and love racing with boats while performing tricks!

Go swimming with the dolphins in their natural habitat at Dolphin House, a popular dive site near Hurghada.

Take a boat trip to Mahmeya Island for an entire day of relaxation on the beach, delicious food, and fun activities.",false,bs4
Sha'ab Samadai (Dolphin House),,Marsa Alam,https://www.experienceegypt.eg/en/city/23/hurghada,"Go swimming with the dolphins in their natural habitat at Dolphin House, a popular dive site near Hurghada.",true,bs4
